Informatica;https://www.instagram.com/pasoinformatica.2223/;https://linktr.ee/pasoinformatica2223
Matematicas;https://www.instagram.com/pasomateusc/;https://linktr.ee/pasomatesusc
Farmacia;https://www.instagram.com/pasofarmaciausc/;https://linktr.ee/pasofarma22.23
Psicologia;https://www.instagram.com/pasopsicologia/;
Biotecnologia;https://www.instagram.com/pasobiotecusc/;
Enfermeria;https://www.instagram.com/pasoenfermeriausc/;https://linktr.ee/pasoenfermeriausc_
Quimica;https://www.instagram.com/pasoquimicausc/;https://linktr.ee/pasoquimicausc
Medicina;https://www.instagram.com/pasomedicinausc/;https://linktr.ee/pasomedicinausc
Criminologia;https://www.instagram.com/pasocriminologiausc/;https://linktr.ee/pasocriminologiausc
RRLL y RRHH;https://www.instagram.com/pasolaborales.usc/;https://linktr.ee/pasorrllyrrhh22.23
Economia;https://www.instagram.com/pasoeconomiausc/;
Optica;https://www.instagram.com/pasoptica_usc/;https://linktr.ee/pasopticausc
Biologia;https://www.instagram.com/pasobiologia_usc/;
Magisterio;https://www.instagram.com/pasodemagisterio/;
Ingenieria Quimica;https://www.instagram.com/pasoingquimica/;https://linktr.ee/pasoingquimica
Odontologia;https://www.instagram.com/odontopasousc_/;https://linktr.ee/odontopasousc_
Derecho;https://www.instagram.com/elpasoderechousc/;
Traballo Social;https://www.instagram.com/pasotraballosocialusc/;
ADE;https://www.instagram.com/pasoade2223/;https://linktr.ee/pasoade2223
Politicas;https://www.instagram.com/pasopoliticasusc/;
Ninguno;;
